nodes,ave_mcmc,risk_mcmc_mean,credible_interval_mcmc,risk_mcmc_hpd,ave_hmc,risk_hmc_mean,credible_interval_hmc,risk_hmc_hpd,total_risk
137,0.926753686991613,1.0,[0.92298551 0.99999401],1.0,0.9845699101900923,1.0,[0.96904965 1.        ],1.0,1.0
174,0.979022064733191,1.0,[0.99741727 0.99999927],1.0,0.9956389403343383,1.0,[0.9994394 1.       ],1.0,1.0
209,0.8685059611419085,1.0,[0.96286219 0.99999177],1.0,0.9704138590355822,1.0,[0.98789694 1.        ],1.0,1.0
286,0.9520575241075256,1.0,[0.97446208 0.99998615],1.0,0.9890482773651582,1.0,[0.99213126 1.        ],1.0,1.0
293,0.9762517816553131,1.0,[0.9561723  0.99997315],1.0,0.9948720074375409,1.0,[0.98314531 1.        ],1.0,1.0
513,0.9990089943847049,1.0,[0.24167399 0.99995925],3.0,0.9998807500658737,1.0,[0.33132289 1.        ],3.0,2.0
553,0.9708988309050001,1.0,[0.88028184 0.99999628],1.0,0.9950147577511589,1.0,[0.95970713 1.        ],1.0,1.0
577,0.9190620216019797,1.0,[0.15376245 0.99964902],3.0,0.9824562518118773,1.0,[0.2474881 1.       ],3.0,2.0
680,0.9233912768691798,1.0,[0.90057004 0.99998745],1.0,0.9844612397351541,1.0,[0.96525059 1.        ],1.0,1.0
701,0.9940665688808078,1.0,[0.98479948 0.99999385],1.0,0.9987721723527659,1.0,[0.99493704 1.        ],1.0,1.0
703,0.8815297478423708,1.0,[0.38095671 0.99993231],3.0,0.8891639580511572,1.0,[0.64515167 1.        ],2.0,3.0
852,0.8137285816308615,2.0,[0.96875441 0.99998992],1.0,0.8476633145826825,2.0,[0.98888861 1.        ],1.0,2.0
1103,0.7474894816770513,2.0,[0.9559995  0.99999201],1.0,0.9192951818020717,1.0,[0.98512482 1.        ],1.0,1.0
1140,0.9339915936684823,1.0,[0.22668275 0.99971387],3.0,0.9830736163481762,1.0,[0.30096413 1.        ],3.0,2.0
1221,0.7398604255673091,2.0,[0.94333156 0.99998967],1.0,0.9182000051779919,1.0,[0.98096353 1.        ],1.0,1.0
1239,0.9501511138953243,1.0,[0.99511141 0.9999991 ],1.0,0.9897820253125523,1.0,[0.99867442 1.        ],1.0,1.0
1257,0.9404114916215219,1.0,[0.7472576  0.99993013],2.0,0.9870902801001653,1.0,[0.90698881 1.        ],1.0,2.0
1267,0.9796843279302323,1.0,[0.86803062 0.99996545],1.0,0.9956088458852237,1.0,[0.95962026 1.        ],1.0,1.0
1273,0.9987845797255555,1.0,[0.93196896 0.99997212],1.0,0.999818805664507,1.0,[0.97923915 1.        ],1.0,1.0
1280,0.9020674747268685,1.0,[0.8161835  0.99997926],2.0,0.9120715282049507,1.0,[0.93258253 1.        ],1.0,2.0
1299,0.9897856784621542,1.0,[0.99759792 0.99999914],1.0,0.9979094837698611,1.0,[0.99968857 1.        ],1.0,1.0
1351,0.9699065066994433,1.0,[0.85704474 0.9999863 ],1.0,0.9928614498664742,1.0,[0.95254463 1.        ],1.0,1.0
1403,0.9808480069975406,1.0,[0.95458862 0.99999899],1.0,0.9965631836432642,1.0,[0.98367344 1.        ],1.0,1.0
1764,0.3195236321790207,4.0,[0.82422297 0.9998669 ],2.0,0.2423894358256074,4.0,[0.93227424 1.        ],1.0,4.0
1798,0.9663060425702832,1.0,[0.89600206 0.99998135],1.0,0.99402585017007,1.0,[0.96898236 1.        ],1.0,1.0
1820,0.9423319381284938,1.0,[0.24957233 0.99958272],3.0,0.9888893519332005,1.0,[0.40362937 1.        ],3.0,2.0
1836,0.8291315125316092,2.0,[0.39742057 0.99986338],3.0,0.9561671207828131,1.0,[0.62279393 1.        ],2.0,2.0
1853,0.8542647639412296,1.0,[0.6980325  0.99996585],2.0,0.9637534518296418,1.0,[0.86568236 1.        ],1.0,2.0
1916,0.9636036400421515,1.0,[0.93923365 0.99997375],1.0,0.9924368344540679,1.0,[0.97856374 1.        ],1.0,1.0
2044,0.9275767000589297,1.0,[0.2456031  0.99989761],3.0,0.985269151627523,1.0,[0.41666169 1.        ],3.0,2.0
2119,0.9514494645554957,1.0,[0.56416181 0.99987463],3.0,0.9900640694783923,1.0,[0.78862047 1.        ],2.0,2.0
2152,0.6517638980750214,2.0,[0.77073815 0.99984475],2.0,0.8426351490132331,2.0,[0.91892864 1.        ],1.0,2.0
2497,0.9694126403008317,1.0,[0.99712563 0.99999997],1.0,0.9939037333590643,1.0,[0.99935603 1.        ],1.0,1.0
2516,0.988054145530956,1.0,[0.94214588 0.99997146],1.0,0.9975361665814494,1.0,[0.98149738 1.        ],1.0,1.0
2518,0.7896507334461542,2.0,[0.8611549  0.99999202],1.0,0.9420688078087212,1.0,[0.95004022 1.        ],1.0,1.0
2586,0.978584730198254,1.0,[0.69353741 0.99984874],2.0,0.9959536334745827,1.0,[0.86195103 1.        ],1.0,2.0
2593,0.915471775804567,1.0,[0.87905941 0.9999935 ],1.0,0.98110901293039,1.0,[0.95394235 1.        ],1.0,1.0
2597,0.9515917592178907,1.0,[0.89038743 0.99998994],1.0,0.988166919264717,1.0,[0.96331537 1.        ],1.0,1.0
2598,0.986056621743191,1.0,[0.76405986 0.99991105],2.0,0.9970102744972428,1.0,[0.91443971 1.        ],1.0,2.0
2603,0.8717374696951332,1.0,[0.87133885 0.99997608],1.0,0.9677807384862824,1.0,[0.9459067 1.       ],1.0,1.0
2613,0.8002596991671675,2.0,[0.84200451 0.99996779],2.0,0.9446876351481028,1.0,[0.95156016 1.        ],1.0,2.0
2764,0.8936741404796814,1.0,[0.69065131 0.99999515],2.0,0.9778352889769986,1.0,[0.86694017 1.        ],1.0,2.0
2895,0.9661248130324971,1.0,[0.75201138 0.9998979 ],2.0,0.9933359858929159,1.0,[0.88820101 1.        ],1.0,2.0
2905,0.9741753486724083,1.0,[0.24437436 0.9999141 ],3.0,0.9948573536482225,1.0,[0.29862971 1.        ],3.0,2.0
2914,0.4136043847221664,3.0,[0.99752541 0.99999882],1.0,0.41083917172477025,3.0,[0.99975313 1.        ],1.0,3.0
3130,0.7677436698718259,2.0,[0.99726654 0.99999768],1.0,0.8496250825003786,2.0,[0.99950119 1.        ],1.0,2.0
3214,0.974719445304326,1.0,[0.9611302  0.99999038],1.0,0.9950060655962473,1.0,[0.98762525 1.        ],1.0,1.0
3216,0.9721472865071743,1.0,[0.61722853 0.99986637],2.0,0.9936087936672425,1.0,[0.80283263 1.        ],2.0,2.0
3223,0.896592696565667,1.0,[0.96423511 0.99999698],1.0,0.9749639945978111,1.0,[0.98791795 1.        ],1.0,1.0
3249,0.8315457889425358,2.0,[0.75649146 0.99992019],2.0,0.9080771854452733,1.0,[0.90353285 1.        ],1.0,2.0
3257,0.990870422066957,1.0,[0.99622115 0.99999986],1.0,0.9983566317528626,1.0,[0.99896847 1.        ],1.0,1.0
3267,0.9113809212005676,1.0,[0.94968465 0.99999509],1.0,0.980909263400387,1.0,[0.98586168 1.        ],1.0,1.0
3269,0.6624342665871685,2.0,[0.80745001 0.99985581],2.0,0.8464595032585768,2.0,[0.92113675 1.        ],1.0,2.0
3277,0.8983889888445297,1.0,[0.82583898 0.99998183],2.0,0.9761418793620937,1.0,[0.93987834 1.        ],1.0,2.0
3280,0.8692826190507056,1.0,[0.7488854  0.99993591],2.0,0.9695118104182959,1.0,[0.90082407 1.        ],1.0,2.0
3292,0.6682537326559598,2.0,[0.92309215 0.99999844],1.0,0.8543360815124652,1.0,[0.97132901 1.        ],1.0,1.0
3303,0.9552687720499039,1.0,[0.87376778 0.98307646],1.0,0.9912940774461839,1.0,[0.89251527 0.98490722],1.0,1.0
3308,0.9439493544598626,1.0,[0.76886234 0.99995311],2.0,0.9877495431404241,1.0,[0.90140677 1.        ],1.0,2.0
3320,0.9990001055823672,1.0,[0.97872191 0.99999068],1.0,0.9998822891467806,1.0,[0.99196598 1.        ],1.0,1.0
3327,0.9042669459029213,1.0,[0.66295316 0.99985715],2.0,0.9762469925548525,1.0,[0.82935794 1.        ],2.0,2.0
3333,0.9803740114877826,1.0,[0.9206379  0.99999609],1.0,0.9964398315128301,1.0,[0.96809895 1.        ],1.0,1.0
3356,0.9686652026514376,1.0,[0.99741842 0.99999985],1.0,0.9928825648119769,1.0,[0.99955991 1.        ],1.0,1.0
3402,0.8598962511509499,1.0,[0.69722355 0.99983873],2.0,0.9073529556180865,1.0,[0.88294447 1.        ],1.0,2.0
3491,0.9037479793591997,1.0,[0.98882675 0.99999957],1.0,0.9803271922147317,1.0,[0.99592696 1.        ],1.0,1.0
3549,0.8884591209699285,1.0,[0.9966724 0.9999984],1.0,0.9731563399440627,1.0,[0.99913906 1.        ],1.0,1.0
3561,0.9638427207599982,1.0,[0.8335285  0.99998598],2.0,0.9918652539522889,1.0,[0.94316004 1.        ],1.0,2.0
3701,0.9096154043580514,1.0,[0.38544483 0.99982567],3.0,0.9776987334473725,1.0,[0.65883885 1.        ],2.0,2.0
3741,0.9732851025257813,1.0,[0.68786713 0.94757801],2.0,0.9950816315897966,1.0,[0.69829984 0.96690761],2.0,2.0
3786,0.9864532878188056,1.0,[0.86089478 0.99996432],1.0,0.9973358775523502,1.0,[0.9415656 1.       ],1.0,1.0
3910,0.8903342422624,1.0,[0.57237514 0.99995529],3.0,0.9742585660848795,1.0,[0.78121704 1.        ],2.0,2.0
4134,0.9461334189653846,1.0,[0.94262563 0.99999312],1.0,0.9871717658623191,1.0,[0.9800471 1.       ],1.0,1.0
4181,0.9696869385545562,1.0,[0.86557456 0.99995373],1.0,0.9926799631359053,1.0,[0.95764546 1.        ],1.0,1.0
4230,0.7343123577384524,2.0,[0.47129429 0.99990261],3.0,0.9254585082163567,1.0,[0.54940023 1.        ],3.0,2.0
4323,0.6691936604856246,2.0,[0.24187968 0.99964954],3.0,0.8451916214451298,2.0,[0.28101213 1.        ],3.0,3.0
4608,0.6657148577356067,2.0,[0.8736569  0.99998283],1.0,0.8471084381914802,2.0,[0.95272017 1.        ],1.0,2.0
4637,0.8831215857000022,1.0,[0.95725647 0.99999909],1.0,0.9073264373437054,1.0,[0.98621952 1.        ],1.0,1.0
4657,0.8679471241763453,1.0,[0.76892128 0.99996506],2.0,0.9710092415124404,1.0,[0.90369981 1.        ],1.0,2.0
4713,0.9989816920781652,1.0,[0.72359075 0.99974937],2.0,0.9998779806934233,1.0,[0.89309175 1.        ],1.0,2.0
4739,0.9638412008927714,1.0,[0.86974187 0.99994954],1.0,0.9921915885003709,1.0,[0.94462941 1.        ],1.0,1.0
4766,0.9222620584015294,1.0,[0.76886978 0.99999639],2.0,0.9809601810654275,1.0,[0.90854114 1.        ],1.0,2.0
4777,0.8375040529050809,2.0,[0.84256106 0.99997208],2.0,0.913236706641086,1.0,[0.94138899 1.        ],1.0,2.0
4809,0.9772632733782368,1.0,[0.80834973 0.99987498],2.0,0.9949574037367883,1.0,[0.92496723 1.        ],1.0,2.0
4826,0.9206226560987723,1.0,[0.91011356 0.99999154],1.0,0.9835325022729215,1.0,[0.96701583 1.        ],1.0,1.0
4844,0.9719553062891856,1.0,[0.83570168 0.99993089],2.0,0.9942382975967309,1.0,[0.93785578 1.        ],1.0,2.0
4901,0.8260124775277772,2.0,[0.84491432 0.99997883],2.0,0.9566714216552118,1.0,[0.93397752 1.        ],1.0,2.0
5392,0.6505259377504121,2.0,[0.95875061 0.99999773],1.0,0.8569290478910625,1.0,[0.98643985 1.        ],1.0,1.0
5394,0.957674188956235,1.0,[0.97907633 0.99999386],1.0,0.992552710674684,1.0,[0.99345608 1.        ],1.0,1.0
5396,0.9061993308694958,1.0,[0.27516247 0.77462733],3.0,0.9765531364500902,1.0,[0.29205378 0.78819762],3.0,2.0
5400,0.9296882736624038,1.0,[0.66867384 0.99989804],2.0,0.9844613320811645,1.0,[0.85124689 1.        ],1.0,2.0
5413,0.9869981695892748,1.0,[0.91383259 0.99999771],1.0,0.9977835601735346,1.0,[0.97285517 1.        ],1.0,1.0
5483,0.9908754124196844,1.0,[0.26459635 0.9997232 ],3.0,0.9983249170618534,1.0,[0.33733459 1.        ],3.0,2.0
5511,0.9838499802787066,1.0,[0.77903579 0.9999791 ],2.0,0.9966232275454873,1.0,[0.92009272 1.        ],1.0,2.0
5539,0.9883919300835755,1.0,[0.99727826 0.99999982],1.0,0.9974323866855785,1.0,[0.99948825 1.        ],1.0,1.0
5602,0.936251633938603,1.0,[0.60315811 0.9353495 ],2.0,0.9856336113553508,1.0,[0.61765095 0.93793283],2.0,2.0
5603,0.9799470082631426,1.0,[0.49744788 0.99989312],3.0,0.9957210522138198,1.0,[0.7152735 1.       ],2.0,2.0
5617,0.945952384377814,1.0,[0.24845035 0.99891921],3.0,0.9885677825924177,1.0,[0.32721686 1.        ],3.0,2.0
5645,0.9649537346729258,1.0,[0.8653871  0.99991815],1.0,0.9921578635922583,1.0,[0.95129762 1.        ],1.0,1.0
5650,0.9644141136682474,1.0,[0.88720046 0.9999233 ],1.0,0.9922210325288002,1.0,[0.96076844 1.        ],1.0,1.0
5769,0.9689193324227628,1.0,[0.84093425 0.99992365],2.0,0.9931784998837375,1.0,[0.93585768 1.        ],1.0,2.0
6057,0.964098515219279,1.0,[0.55757013 0.99993823],3.0,0.9928448549313585,1.0,[0.78840647 1.        ],2.0,2.0
6079,0.99894165578307,1.0,[0.92820288 0.9999979 ],1.0,0.9998636302986995,1.0,[0.97432568 1.        ],1.0,1.0
6082,0.9968167337436993,1.0,[0.79712356 0.99994211],2.0,0.9993201902314295,1.0,[0.91502816 1.        ],1.0,2.0
6233,0.9339678361306014,1.0,[0.91718906 0.99999869],1.0,0.9845102099190419,1.0,[0.97203421 1.        ],1.0,1.0
6423,0.8304427201801108,2.0,[0.88219956 0.99997147],1.0,0.9527374754682537,1.0,[0.96071617 1.        ],1.0,1.0
6453,0.9968992090899812,1.0,[0.9911738  0.99999743],1.0,0.9993668129403513,1.0,[0.99693881 1.        ],1.0,1.0
6461,0.9482998111211843,1.0,[0.99118293 0.9999989 ],1.0,0.9892273113928017,1.0,[0.99700038 1.        ],1.0,1.0
6539,0.9279081050264685,1.0,[1.69477209e-04 7.69899357e-01],3.0,0.9862468396037444,1.0,[4.44089210e-16 3.69364198e-01],4.0,4.0
6661,0.9786757844137042,1.0,[0.43761809 0.99875351],3.0,0.9959356978208205,1.0,[0.45338754 1.        ],3.0,2.0
6663,0.9834956482881774,1.0,[0.2526433  0.99997064],3.0,0.9966117151943361,1.0,[0.31508627 1.        ],3.0,2.0
6667,0.8892268773837134,1.0,[0.96847689 0.99999981],1.0,0.9753731734041794,1.0,[0.98978355 1.        ],1.0,1.0
6720,0.9693943319494622,1.0,[0.85287001 0.99998019],1.0,0.993431754102929,1.0,[0.94076534 1.        ],1.0,1.0
6724,0.987950108181647,1.0,[0.56870675 0.99997947],3.0,0.9976713101654748,1.0,[0.78238694 1.        ],2.0,2.0
6730,0.998444160933509,1.0,[0.88150917 0.99997585],1.0,0.9997376722512807,1.0,[0.95821631 1.        ],1.0,1.0
6762,0.992751073367854,1.0,[0.98417832 0.99999762],1.0,0.9984667636760802,1.0,[0.99422026 1.        ],1.0,1.0
6805,0.905294360798463,1.0,[0.49560291 0.9999327 ],3.0,0.9781391311622337,1.0,[0.72560264 1.        ],2.0,2.0
6830,0.9400161268229119,1.0,[0.98517903 0.99999923],1.0,0.9880126454369109,1.0,[0.99483396 1.        ],1.0,1.0
6881,0.9896008248818043,1.0,[0.79592761 0.99992435],2.0,0.9977717200340684,1.0,[0.9235796 1.       ],1.0,2.0
6882,0.8529027995390338,1.0,[0.88960836 0.99995216],1.0,0.9606979534904887,1.0,[0.95690037 1.        ],1.0,1.0
6893,0.7891515737220922,2.0,[0.8415025  0.99992999],2.0,0.9432251854722862,1.0,[0.94074753 1.        ],1.0,2.0
6894,0.905866022848262,1.0,[0.86838506 0.99997544],1.0,0.9792224040892038,1.0,[0.95319343 1.        ],1.0,1.0
6908,0.9844866798407454,1.0,[0.97751112 0.99999678],1.0,0.9967940479228304,1.0,[0.99235393 1.        ],1.0,1.0
6939,0.9672225584396714,1.0,[0.99549634 0.99999973],1.0,0.9925123694105233,1.0,[0.99833865 1.        ],1.0,1.0
7018,0.3014066633012886,4.0,[0.9081224  0.99999298],1.0,0.07869385479741262,5.0,[0.96723403 1.        ],1.0,5.0
7195,0.9673724807489971,1.0,[0.92223358 0.99998512],1.0,0.9939576606151961,1.0,[0.97457321 1.        ],1.0,1.0
7473,0.9803958644257023,1.0,[0.88760427 0.99999605],1.0,0.9959083671813734,1.0,[0.96117347 1.        ],1.0,1.0
7474,0.9902391089332551,1.0,[0.84283591 0.99996554],2.0,0.9981025484577061,1.0,[0.93901001 1.        ],1.0,2.0
7489,0.9570576389179276,1.0,[0.85299185 0.99994423],1.0,0.9904956961082793,1.0,[0.93777908 1.        ],1.0,1.0
7500,0.9683291898621651,1.0,[0.87714798 0.99993675],1.0,0.9932644271160056,1.0,[0.95742156 1.        ],1.0,1.0
7545,0.9424879588893093,1.0,[0.87728416 0.99998454],1.0,0.986736464880843,1.0,[0.95859723 1.        ],1.0,1.0
7575,0.9551774492130181,1.0,[0.95603762 0.9999986 ],1.0,0.9903375675494662,1.0,[0.98481389 1.        ],1.0,1.0
7660,0.9157277028576636,1.0,[0.87429296 0.99999527],1.0,0.9801401434738755,1.0,[0.95097413 1.        ],1.0,1.0
7713,0.9735253681407035,1.0,[0.91668291 0.99998073],1.0,0.9943918548565973,1.0,[0.97109505 1.        ],1.0,1.0
7738,0.9213351849400494,1.0,[0.9241181  0.99996726],1.0,0.9833319325821115,1.0,[0.97081879 1.        ],1.0,1.0
7922,0.9693436762473564,1.0,[0.36196747 0.9999967 ],3.0,0.9933227267606742,1.0,[0.6130926 1.       ],2.0,2.0
8100,0.9725533238025619,1.0,[0.74347414 0.99993659],2.0,0.9942159698646905,1.0,[0.90941578 1.        ],1.0,2.0
8218,0.9372869759712456,1.0,[0.9837374  0.99999911],1.0,0.9875235426752093,1.0,[0.99445777 1.        ],1.0,1.0
8220,0.9989314573545194,1.0,[0.78959996 0.96385496],2.0,0.9998591105884439,1.0,[0.8082776  0.96503233],2.0,2.0
8222,0.92665350519606,1.0,[0.64376764 0.96920609],2.0,0.9840946650814102,1.0,[0.67986179 0.98547152],2.0,2.0
8283,0.794762727048664,2.0,[0.96668524 0.99999904],1.0,0.9413404738063628,1.0,[0.98864202 1.        ],1.0,1.0
8308,0.7128989779899295,2.0,[0.6554016  0.99991083],2.0,0.7329450379353052,2.0,[0.84352027 1.        ],2.0,2.0
8359,0.9699773009974567,1.0,[0.84966002 0.99999996],2.0,0.9940379465700592,1.0,[0.9451072 1.       ],1.0,2.0
8374,0.6680268645318742,2.0,[0.74566003 0.9999463 ],2.0,0.8597678697323581,1.0,[0.89621877 1.        ],1.0,2.0
8426,0.973820410648359,1.0,[0.76779885 0.99113434],2.0,0.994203801633545,1.0,[0.79950759 0.99706042],2.0,2.0
8447,0.8946561057472912,1.0,[0.78749202 0.9999605 ],2.0,0.9747997900139856,1.0,[0.90554484 1.        ],1.0,2.0
8455,0.7481597234579126,2.0,[0.93498034 0.99998745],1.0,0.7772927370581157,2.0,[0.97586225 1.        ],1.0,2.0
8468,0.9793637177829733,1.0,[0.25375866 0.99890987],3.0,0.9958826162404094,1.0,[0.37447699 1.        ],3.0,2.0
8492,0.982561923668299,1.0,[0.91404821 0.99998635],1.0,0.9963501630145326,1.0,[0.97030498 1.        ],1.0,1.0
8560,0.9695767437165266,1.0,[0.47509822 0.99969017],3.0,0.9931124897747465,1.0,[0.71704097 1.        ],2.0,2.0
8607,0.9490985481701653,1.0,[0.77011531 0.99996098],2.0,0.9888321732253893,1.0,[0.90097929 1.        ],1.0,2.0
8660,0.6707239522765367,2.0,[0.82457647 0.99998733],2.0,0.8600808431939904,1.0,[0.92435369 1.        ],1.0,2.0
8708,0.931323865203991,1.0,[0.81517386 0.99997047],2.0,0.9852458459244953,1.0,[0.93711347 1.        ],1.0,2.0
8732,0.9345585150576681,1.0,[0.39263254 0.99981022],3.0,0.9835570117370157,1.0,[0.61406447 1.        ],2.0,2.0
8758,0.7428095062158631,2.0,[0.88870488 0.9999835 ],1.0,0.9133095139770694,1.0,[0.95524117 1.        ],1.0,1.0
8881,0.4806855623742097,3.0,[0.55797333 0.99995009],3.0,0.4373597601235757,3.0,[0.80019584 1.        ],2.0,3.0
8896,0.79320549891827,2.0,[0.85082523 0.99999888],1.0,0.9438246155507777,1.0,[0.94884184 1.        ],1.0,1.0
8928,0.9435007203865357,1.0,[0.66279577 0.99998056],2.0,0.9894973955961116,1.0,[0.84165012 1.        ],2.0,2.0
8943,0.992411984046918,1.0,[0.4766743  0.99994417],3.0,0.9985227500308856,1.0,[0.75513858 1.        ],2.0,2.0
8968,0.6661590663202845,2.0,[0.87261667 0.99998622],1.0,0.8558595452987231,1.0,[0.95815401 1.        ],1.0,1.0
9002,0.9641579995326715,1.0,[0.98810451 0.99999915],1.0,0.9920427284690633,1.0,[0.99591819 1.        ],1.0,1.0
9145,0.960601196308947,1.0,[0.37554842 0.99946348],3.0,0.9910528554410317,1.0,[0.63935817 1.        ],2.0,2.0
9304,0.9546619268983562,1.0,[0.92814307 0.99999078],1.0,0.9900983348750938,1.0,[0.97697487 1.        ],1.0,1.0
9318,0.6557856693202384,2.0,[0.66211588 0.99944615],2.0,0.8621354800914938,1.0,[0.85181122 1.        ],1.0,2.0
9498,0.9850617552521846,1.0,[0.67252672 0.99993797],2.0,0.9966681911669637,1.0,[0.8354372 1.       ],2.0,2.0
9790,0.9146558877901897,1.0,[0.7395661  0.99999365],2.0,0.9784962584865333,1.0,[0.89205048 1.        ],1.0,2.0
9902,0.7322203930286805,2.0,[0.2404546  0.99965677],3.0,0.7904725026944813,2.0,[0.3469581 1.       ],3.0,3.0
9957,0.934599713274179,1.0,[0.92925612 0.99998384],1.0,0.9859655163168334,1.0,[0.97816561 1.        ],1.0,1.0
10099,0.6561989489934243,2.0,[0.25567256 0.99954373],3.0,0.8543451024504528,1.0,[0.3411346 1.       ],3.0,3.0
10429,0.9655158450426712,1.0,[0.90984169 0.99997008],1.0,0.9928451471990695,1.0,[0.96636278 1.        ],1.0,1.0
11039,0.944157833561339,1.0,[0.88519503 0.99996479],1.0,0.9887790695488939,1.0,[0.96195308 1.        ],1.0,1.0
11164,0.9858874621855916,1.0,[0.56687558 0.99990803],3.0,0.9969425653639358,1.0,[0.80335344 1.        ],2.0,2.0
11686,0.8735147245557918,1.0,[0.87912991 0.99983844],1.0,0.9715389552159617,1.0,[0.9525539 1.       ],1.0,1.0
11708,0.9889094901677893,1.0,[0.8782661  0.99998073],1.0,0.9978580393771089,1.0,[0.96018199 1.        ],1.0,1.0
12307,0.9653835069630532,1.0,[0.93241127 0.99999352],1.0,0.9927286112311438,1.0,[0.97579003 1.        ],1.0,1.0
12310,0.8543063764767584,1.0,[0.78403176 0.99993578],2.0,0.965373181809949,1.0,[0.92493836 1.        ],1.0,2.0
12329,0.8828250964931255,1.0,[0.80176809 0.99958778],2.0,0.9694802394312576,1.0,[0.81402231 1.        ],2.0,2.0
12350,0.7460551761677825,2.0,[0.84120852 0.99993095],2.0,0.9149232370975889,1.0,[0.94570751 1.        ],1.0,2.0
12389,0.9848883232640331,1.0,[0.94068961 0.99999725],1.0,0.9969963087480669,1.0,[0.98206504 1.        ],1.0,1.0
12445,0.8865594874144684,1.0,[0.8787418  0.99998718],1.0,0.9719945058509474,1.0,[0.96225828 1.        ],1.0,1.0
12552,0.9861246712497793,1.0,[0.77930997 0.99969199],2.0,0.9969917640704735,1.0,[0.92413123 1.        ],1.0,2.0
12586,0.9564801654125273,1.0,[0.85314651 0.99999416],1.0,0.9903624364419575,1.0,[0.94786664 1.        ],1.0,1.0
12637,0.9447088419222853,1.0,[0.96588005 0.99999653],1.0,0.9886690554736682,1.0,[0.9897672 1.       ],1.0,1.0
12741,0.9595738236669012,1.0,[0.24235913 0.99997947],3.0,0.9922740683359422,1.0,[0.32832416 1.        ],3.0,2.0
12779,0.9119802436515754,1.0,[0.97823523 0.99999014],1.0,0.9826353986895086,1.0,[0.99328796 1.        ],1.0,1.0
12835,0.9543955911495391,1.0,[0.84519297 0.99998733],2.0,0.9892100696927223,1.0,[0.94842187 1.        ],1.0,2.0
12859,0.9570479139948698,1.0,[0.9318459  0.99998983],1.0,0.9909173369300963,1.0,[0.97513843 1.        ],1.0,1.0
12874,0.9394331051308495,1.0,[0.37849965 0.99967847],3.0,0.9876193823184158,1.0,[0.62241681 1.        ],2.0,2.0
12956,0.9533853822303964,1.0,[0.97481027 0.99999774],1.0,0.9892376989952845,1.0,[0.9903895 1.       ],1.0,1.0
13030,0.9148021396564461,1.0,[0.98695262 0.99999978],1.0,0.9810339662461044,1.0,[0.99594625 1.        ],1.0,1.0
13237,0.8969388492113455,1.0,[0.94137428 0.99999913],1.0,0.9745181033042953,1.0,[0.98038465 1.        ],1.0,1.0
13786,0.9426036379357765,1.0,[0.92896753 0.99996233],1.0,0.989377533040292,1.0,[0.97977251 1.        ],1.0,1.0
14007,0.9602568142397925,1.0,[0.70096132 0.99988169],2.0,0.9907338370733808,1.0,[0.88144519 1.        ],1.0,2.0
14061,0.9336762264786627,1.0,[0.98401485 0.99999356],1.0,0.9840643370363727,1.0,[0.99398991 1.        ],1.0,1.0
14259,0.9907472701284096,1.0,[0.3829849  0.99958211],3.0,0.9982113558656053,1.0,[0.57581402 1.        ],3.0,2.0
14361,0.9756298022060466,1.0,[0.78782342 0.99998116],2.0,0.994605184081411,1.0,[0.92313008 1.        ],1.0,2.0
14537,0.9449485242290593,1.0,[0.89869722 0.9999991 ],1.0,0.987930151770262,1.0,[0.96320183 1.        ],1.0,1.0
14630,0.5664575223762579,3.0,[0.96765452 0.99999581],1.0,0.8348137199022463,2.0,[0.98885273 1.        ],1.0,2.0
14840,0.9631743099678486,1.0,[0.90062237 0.99999013],1.0,0.992225917707727,1.0,[0.96627746 1.        ],1.0,1.0
14907,0.9696123239494004,1.0,[0.97420138 0.99999323],1.0,0.9943578182684474,1.0,[0.9922327 1.       ],1.0,1.0
15008,0.8267531942291544,2.0,[0.84656099 0.99997494],2.0,0.9551750900429415,1.0,[0.9498101 1.       ],1.0,2.0
15164,0.529247992457321,3.0,[0.83964175 0.99999365],2.0,0.5309569011349615,3.0,[0.95027356 1.        ],1.0,3.0
15412,0.9629819192044317,1.0,[0.55459087 0.99993777],3.0,0.992708674354153,1.0,[0.74109608 1.        ],2.0,2.0
15435,0.8548119653890673,1.0,[0.85396438 0.99997177],1.0,0.9646390050208195,1.0,[0.94917213 1.        ],1.0,1.0
15547,0.9572442319396796,1.0,[0.9428033  0.99999804],1.0,0.9902891407742859,1.0,[0.98016397 1.        ],1.0,1.0
15562,0.7409122534973929,2.0,[0.8318511  0.99999521],2.0,0.9189172801395944,1.0,[0.93181184 1.        ],1.0,2.0
15576,0.9888308764844692,1.0,[0.85622965 0.99993433],1.0,0.9977370376642286,1.0,[0.9483873 1.       ],1.0,1.0
15605,0.9572911190620936,1.0,[0.70643405 0.9999649 ],2.0,0.9904380021795489,1.0,[0.89400877 1.        ],1.0,2.0
15623,0.9495103184871221,1.0,[0.4933745  0.99975282],3.0,0.9889704217837968,1.0,[0.72272059 1.        ],2.0,2.0
15685,0.9728596838562742,1.0,[0.66473813 0.99998245],2.0,0.9944535170360406,1.0,[0.83663783 1.        ],2.0,2.0
15703,0.9713520928892926,1.0,[0.66015954 0.99998628],2.0,0.9936753014936974,1.0,[0.8643339 1.       ],1.0,2.0
15704,0.9932808730710524,1.0,[0.00211996 0.85729095],3.0,0.9985021558572674,1.0,[8.88178420e-16 9.93762888e-01],3.0,2.0
15935,0.8961952435017073,1.0,[0.86687072 0.99999623],1.0,0.9662882531105592,1.0,[0.95304626 1.        ],1.0,1.0
16095,0.6584914421745307,2.0,[0.80980856 0.99990638],2.0,0.8619359990461529,1.0,[0.93580514 1.        ],1.0,2.0
16265,0.8334709862680697,2.0,[0.69655914 0.99991145],2.0,0.9190140590403427,1.0,[0.87811922 1.        ],1.0,2.0
16347,0.917193882841323,1.0,[0.82456762 0.99997641],2.0,0.9358950893882387,1.0,[0.92541807 1.        ],1.0,2.0
16735,0.8963268633461621,1.0,[0.99570645 0.99999954],1.0,0.9767683596479632,1.0,[0.99867503 1.        ],1.0,1.0
17639,0.9944952561859255,1.0,[0.92912062 0.99999273],1.0,0.9987116003767594,1.0,[0.97590904 1.        ],1.0,1.0
18106,0.9945092924455369,1.0,[0.96179114 0.99999544],1.0,0.9989536701986653,1.0,[0.98727296 1.        ],1.0,1.0
18747,0.9070640135558505,1.0,[0.57522303 0.99993691],3.0,0.978245076797132,1.0,[0.78183761 1.        ],2.0,2.0
18881,0.9533967696205284,1.0,[0.49574258 0.99995353],3.0,0.990779016869498,1.0,[0.75091338 1.        ],2.0,2.0
19016,0.9718043564871366,1.0,[0.62639515 0.99995369],2.0,0.994493976328375,1.0,[0.83388591 1.        ],2.0,2.0
19151,0.9709208100352453,1.0,[0.97311044 0.99999772],1.0,0.9937151267792683,1.0,[0.99139952 1.        ],1.0,1.0
19653,0.9501425018502914,1.0,[0.92090146 0.99993974],1.0,0.9883827132028775,1.0,[0.97200466 1.        ],1.0,1.0
19754,0.9631141112952045,1.0,[0.86286978 0.99998318],1.0,0.9918378117605152,1.0,[0.9551633 1.       ],1.0,1.0
20080,0.9500520246255733,1.0,[0.89199834 0.99999902],1.0,0.9900004460456208,1.0,[0.96184101 1.        ],1.0,1.0
20130,0.7962852551981305,2.0,[0.90749975 0.99999681],1.0,0.9424332231090882,1.0,[0.96510171 1.        ],1.0,1.0
20150,0.9910661110003273,1.0,[0.86875071 0.99997279],1.0,0.9981016486744803,1.0,[0.95428822 1.        ],1.0,1.0
20205,0.9140833995131799,1.0,[0.91595192 0.99998785],1.0,0.9809562261073789,1.0,[0.97461136 1.        ],1.0,1.0
20473,0.9431254919591993,1.0,[0.94141742 0.99999015],1.0,0.9888984915734154,1.0,[0.98054038 1.        ],1.0,1.0
20485,0.9559812373276673,1.0,[0.94296558 0.99999186],1.0,0.9916876933584535,1.0,[0.9799818 1.       ],1.0,1.0
20514,0.9655743864379156,1.0,[0.82111208 0.99999964],2.0,0.9932364707207806,1.0,[0.91297904 1.        ],1.0,2.0
20562,0.941279523480162,1.0,[0.79809985 0.99998752],2.0,0.9876297638903611,1.0,[0.9350094 1.       ],1.0,2.0
20764,0.9947806051970647,1.0,[0.96405673 0.99999604],1.0,0.9989625025193837,1.0,[0.98841448 1.        ],1.0,1.0
20811,0.946994821130455,1.0,[0.95308983 0.99999947],1.0,0.9886393313257517,1.0,[0.98534537 1.        ],1.0,1.0
20912,0.8258822854077759,2.0,[0.9156364  0.99994733],1.0,0.955939528546375,1.0,[0.97105848 1.        ],1.0,1.0
20932,0.9945155544138381,1.0,[0.50674657 0.87851636],3.0,0.9988620277368053,1.0,[0.55480992 0.9178166 ],3.0,2.0
20953,0.742349107515658,2.0,[0.81792366 0.99993433],2.0,0.9228526363911861,1.0,[0.93853669 1.        ],1.0,2.0
20965,0.9449164939015194,1.0,[0.84686612 0.99999975],2.0,0.9886494658694689,1.0,[0.94990503 1.        ],1.0,2.0
21283,0.9321621560538114,1.0,[0.47903073 0.99995002],3.0,0.9841991262012033,1.0,[0.75788187 1.        ],2.0,2.0
21320,0.9952659075288088,1.0,[0.872892   0.99997411],1.0,0.9990496368462926,1.0,[0.95433297 1.        ],1.0,1.0
21385,0.9279191983449123,1.0,[0.97834815 0.99999769],1.0,0.9845821852068638,1.0,[0.99293604 1.        ],1.0,1.0
22356,0.7897077048573278,2.0,[0.8761577  0.99999456],1.0,0.9412165312875372,1.0,[0.96015244 1.        ],1.0,1.0
22548,0.8884399613602434,1.0,[0.99733812 0.99999965],1.0,0.9708775773447289,1.0,[0.99946936 1.        ],1.0,1.0
22652,0.9505181738217001,1.0,[0.93043301 0.99998573],1.0,0.990109124416967,1.0,[0.97865984 1.        ],1.0,1.0
23033,0.9903553954567783,1.0,[0.89224155 0.99999332],1.0,0.9979589303133535,1.0,[0.95882587 1.        ],1.0,1.0
23106,0.6600855253120642,2.0,[0.90091894 0.99996647],1.0,0.8594565358299631,1.0,[0.96333224 1.        ],1.0,1.0
23352,0.9616417447548908,1.0,[0.76074972 0.9998795 ],2.0,0.9925137267709702,1.0,[0.91386188 1.        ],1.0,2.0
23367,0.9694562608186977,1.0,[0.93526641 0.99999983],1.0,0.9940270939577059,1.0,[0.97543276 1.        ],1.0,1.0
23473,0.9664158067470345,1.0,[0.7268148 0.9999931],2.0,0.992523309274135,1.0,[0.88072945 1.        ],1.0,2.0
23520,0.9513081909687525,1.0,[0.88104198 0.99999487],1.0,0.9894540719096361,1.0,[0.96210734 1.        ],1.0,1.0
23673,0.9278305061529543,1.0,[0.82524524 0.99998611],2.0,0.9827141497740608,1.0,[0.93817655 1.        ],1.0,2.0
23738,0.8742372669720733,1.0,[0.38758128 0.99986324],3.0,0.9669379513889712,1.0,[0.59819039 1.        ],3.0,2.0
23858,0.9257429381600714,1.0,[0.82200784 0.99987193],2.0,0.984274541561504,1.0,[0.94369681 1.        ],1.0,2.0
24013,0.9597434946576198,1.0,[0.93621169 0.99998354],1.0,0.9909571139828857,1.0,[0.97998468 1.        ],1.0,1.0
24130,0.9953479168144977,1.0,[0.24565397 0.99921556],3.0,0.9991593795410371,1.0,[0.39939978 1.        ],3.0,2.0
24218,0.9618122124467151,1.0,[0.61909583 0.99987587],2.0,0.9922032130367797,1.0,[0.81954548 1.        ],2.0,2.0
24441,0.826171699267323,2.0,[0.84258697 0.9999875 ],2.0,0.9553927940607011,1.0,[0.93036816 1.        ],1.0,2.0
24482,0.940980502524108,1.0,[0.9842915  0.99999991],1.0,0.987105801743218,1.0,[0.99541025 1.        ],1.0,1.0
24516,0.952113960601806,1.0,[0.93827066 0.99999288],1.0,0.9897857239489493,1.0,[0.97713986 1.        ],1.0,1.0
24611,0.7923145210696785,2.0,[0.37237946 0.99982218],3.0,0.9447454053998583,1.0,[0.62706889 1.        ],2.0,2.0
24724,0.9408350651287142,1.0,[0.23638753 0.99996435],3.0,0.9863527175066198,1.0,[0.35336965 1.        ],3.0,2.0
24785,0.9725470721337428,1.0,[0.70176829 0.99992117],2.0,0.9940163619754799,1.0,[0.87439128 1.        ],1.0,2.0
24811,0.9918129868748037,1.0,[0.65061899 0.99999121],2.0,0.9984039443808677,1.0,[0.86686207 1.        ],1.0,2.0
24875,0.9536594857766104,1.0,[0.90450818 0.99999816],1.0,0.9897823538740408,1.0,[0.96613132 1.        ],1.0,1.0
24961,0.954110815092071,1.0,[0.9572443  0.99998096],1.0,0.9906232838647802,1.0,[0.98550065 1.        ],1.0,1.0
25091,0.9949313154836401,1.0,[0.9595342  0.99999141],1.0,0.9989615556768929,1.0,[0.98611825 1.        ],1.0,1.0
25152,0.8247435437445343,2.0,[0.91616746 0.99999375],1.0,0.9577369979028363,1.0,[0.97421593 1.        ],1.0,1.0
25160,0.9253207817926828,1.0,[0.89821789 0.99994751],1.0,0.9826293306858356,1.0,[0.96435349 1.        ],1.0,1.0
25220,0.9616332389466921,1.0,[0.90378725 0.99995651],1.0,0.9910203619609994,1.0,[0.96186307 1.        ],1.0,1.0
25227,0.920184558905464,1.0,[0.8592098  0.99998808],1.0,0.9828859530078942,1.0,[0.95452396 1.        ],1.0,1.0
25291,0.9983365391028777,1.0,[0.48362413 0.99992303],3.0,0.9996452241893983,1.0,[0.72444275 1.        ],2.0,2.0
25369,0.981597184076011,1.0,[0.89191125 0.99999558],1.0,0.9959206372230515,1.0,[0.96122173 1.        ],1.0,1.0
25512,0.959344145539741,1.0,[0.2173844  0.99930386],3.0,0.9910852717284565,1.0,[0.35969021 1.        ],3.0,2.0
26073,0.9937270171863711,1.0,[0.92829828 0.99998144],1.0,0.9986822863326456,1.0,[0.97579086 1.        ],1.0,1.0
26615,0.7913445480505059,2.0,[0.48887697 0.99977857],3.0,0.9435790661123296,1.0,[0.76707771 1.        ],2.0,2.0
27446,0.9009559777927514,1.0,[0.82863269 0.99996301],2.0,0.9771596553996783,1.0,[0.93752232 1.        ],1.0,2.0
27678,0.9418165380270697,1.0,[0.79767296 0.99990557],2.0,0.9865214930003015,1.0,[0.91536319 1.        ],1.0,2.0
27986,0.9700756764523051,1.0,[0.66176994 0.9999437 ],2.0,0.9939964667228596,1.0,[0.83442998 1.        ],2.0,2.0
28186,0.9958332857780923,1.0,[0.97658348 0.99999754],1.0,0.9991620077842915,1.0,[0.99171797 1.        ],1.0,1.0
28260,0.95730910923698,1.0,[0.85068882 0.99999155],1.0,0.9785212569489731,1.0,[0.93408453 1.        ],1.0,1.0
28263,0.951809277442014,1.0,[0.83788733 0.99999903],2.0,0.9891778350783352,1.0,[0.93930737 1.        ],1.0,2.0
28329,0.9359754239532871,1.0,[0.93202894 0.99999341],1.0,0.9860854251140515,1.0,[0.97634055 1.        ],1.0,1.0
28513,0.9112395031058684,1.0,[0.38195069 0.99997664],3.0,0.9804759365056182,1.0,[0.56424227 1.        ],3.0,2.0
28571,0.7984931706629534,2.0,[0.88668767 0.99995016],1.0,0.9428079811887428,1.0,[0.96511716 1.        ],1.0,1.0
28598,0.9423336862281413,1.0,[0.7070054  0.99996704],2.0,0.9888590871338413,1.0,[0.8617598 1.       ],1.0,2.0
28634,0.7498477676382262,2.0,[0.9639648  0.99999568],1.0,0.917165779957044,1.0,[0.98651932 1.        ],1.0,1.0
28657,0.9400880294064082,1.0,[0.24529666 0.99973966],3.0,0.9867790396208722,1.0,[0.36730205 1.        ],3.0,2.0
28716,0.9579955184158933,1.0,[0.9164943  0.99998956],1.0,0.9915648551152421,1.0,[0.96838257 1.        ],1.0,1.0
28792,0.9762783038393691,1.0,[0.72339011 0.99990959],2.0,0.9945472602296709,1.0,[0.8985845 1.       ],1.0,2.0
28824,0.955746181600111,1.0,[0.660438   0.99998056],2.0,0.9905028901730316,1.0,[0.857272 1.      ],1.0,2.0
28917,0.9813115849847978,1.0,[0.89911803 0.99997753],1.0,0.9963134434285937,1.0,[0.96307253 1.        ],1.0,1.0
29075,0.9071515592728585,1.0,[0.94591487 0.99999831],1.0,0.9763993999198194,1.0,[0.98153599 1.        ],1.0,1.0
29140,0.8878950001792096,1.0,[0.91521975 0.9999751 ],1.0,0.9741758621542425,1.0,[0.96801379 1.        ],1.0,1.0
29152,0.9540439493545478,1.0,[0.37915076 0.99979749],3.0,0.9903039653277719,1.0,[0.5967317 1.       ],3.0,2.0
29208,0.9891424298158172,1.0,[0.61816725 0.99989098],2.0,0.9977795490864969,1.0,[0.83737127 1.        ],2.0,2.0
29222,0.9701731493292254,1.0,[0.87306641 0.99998731],1.0,0.9931984019284035,1.0,[0.94391674 1.        ],1.0,1.0
29467,0.664043841807255,2.0,[0.94881288 0.9999936 ],1.0,0.8491136545778434,2.0,[0.9808279 1.       ],1.0,2.0
29479,0.9667541593661615,1.0,[0.91617944 0.99997232],1.0,0.9939334244339141,1.0,[0.97036815 1.        ],1.0,1.0
29484,0.9990910988929965,1.0,[0.89281379 0.99998688],1.0,0.9999381491684307,1.0,[0.91119468 1.        ],1.0,1.0
29504,0.9657288750262116,1.0,[0.88172675 0.99997809],1.0,0.9925015596528105,1.0,[0.96197882 1.        ],1.0,1.0
29608,0.9658739985407453,1.0,[0.26570645 0.99991824],3.0,0.9920832538783115,1.0,[0.41013692 1.        ],3.0,2.0
29680,0.6571033018629295,2.0,[0.54153729 0.97728769],3.0,0.8485187490558468,2.0,[0.58884383 0.99749317],3.0,3.0
29686,0.9922837166954016,1.0,[0.90446834 0.99995954],1.0,0.9984472586722972,1.0,[0.96365851 1.        ],1.0,1.0
29691,0.923947332238429,1.0,[0.9638775  0.99999675],1.0,0.9831318506788665,1.0,[0.98885524 1.        ],1.0,1.0
29695,0.8311229302748038,2.0,[0.62425084 0.99962437],2.0,0.9561959443665087,1.0,[0.82517686 1.        ],2.0,2.0
30132,0.6569547750591003,2.0,[0.83760703 0.99998757],2.0,0.8572459427226086,1.0,[0.94885463 1.        ],1.0,2.0
30722,0.6540103252629392,2.0,[0.79927429 0.99998174],2.0,0.8685918725252204,1.0,[0.92920992 1.        ],1.0,2.0
30781,0.6556009395128273,2.0,[0.90846804 0.99995894],1.0,0.8543091642654908,1.0,[0.97447716 1.        ],1.0,1.0
31019,0.8980945804499968,1.0,[0.90000009 0.9999846 ],1.0,0.974980631618531,1.0,[0.9616311 1.       ],1.0,1.0
31027,0.9776389981964708,1.0,[0.99718517 0.99999827],1.0,0.9954107460776767,1.0,[0.9993435 1.       ],1.0,1.0
31133,0.742415873877377,2.0,[0.84186393 0.99999196],2.0,0.9196115226298213,1.0,[0.9355883 1.       ],1.0,2.0
31313,0.9880908940069812,1.0,[0.86267271 0.9999756 ],1.0,0.9978434898951637,1.0,[0.94817823 1.        ],1.0,1.0
31463,0.9833919043183544,1.0,[0.8917183  0.99996639],1.0,0.9966312753384177,1.0,[0.96180367 1.        ],1.0,1.0
31500,0.9621803981325757,1.0,[0.86933228 0.99998804],1.0,0.9912552188535548,1.0,[0.95512501 1.        ],1.0,1.0
31742,0.9636269542388197,1.0,[0.85279386 0.99999233],1.0,0.9936336680989967,1.0,[0.94877484 1.        ],1.0,1.0
32354,0.7988755427587053,2.0,[0.87951763 0.99998381],1.0,0.9376746816598346,1.0,[0.95260649 1.        ],1.0,1.0
32703,0.9650536628203108,1.0,[0.76619831 0.99985716],2.0,0.9932117824999379,1.0,[0.90943779 1.        ],1.0,2.0
32709,0.9698678531315027,1.0,[0.90673618 0.99998473],1.0,0.9937251951681927,1.0,[0.96472182 1.        ],1.0,1.0
33597,0.9574452064171574,1.0,[0.40568038 0.99970506],3.0,0.9912709793821946,1.0,[0.62000072 1.        ],2.0,2.0
33891,0.743815125690359,2.0,[0.99544323 0.99999961],1.0,0.9181151698295653,1.0,[0.99861603 1.        ],1.0,1.0
34019,0.968956669561473,1.0,[0.78056714 0.99996055],2.0,0.9933688999282795,1.0,[0.92605424 1.        ],1.0,2.0
34177,0.8986379858418327,1.0,[0.84808716 0.99999119],2.0,0.976235078737283,1.0,[0.93427975 1.        ],1.0,2.0
34209,0.8899328690475273,1.0,[0.86816264 0.99997754],1.0,0.9755030337466092,1.0,[0.94489087 1.        ],1.0,1.0
34224,0.9539051662060419,1.0,[0.73634667 0.99987947],2.0,0.9899109936347151,1.0,[0.89090054 1.        ],1.0,2.0
34288,0.7685633808290806,2.0,[0.97383139 0.99999884],1.0,0.8144631842900769,2.0,[0.98946883 1.        ],1.0,2.0
34549,0.9651542616728365,1.0,[0.97528829 0.99999578],1.0,0.9922380888935947,1.0,[0.99222247 1.        ],1.0,1.0
34681,0.9989450773661416,1.0,[0.93834696 0.99999521],1.0,0.9998436419586942,1.0,[0.97765487 1.        ],1.0,1.0
34691,0.9988902179280095,1.0,[0.79460161 0.99987493],2.0,0.9998656359868733,1.0,[0.93322653 1.        ],1.0,2.0
34779,0.9988695275091746,1.0,[0.74822795 0.99988954],2.0,0.9998270393719115,1.0,[0.90410737 1.        ],1.0,2.0
34800,0.9989665606449512,1.0,[0.84065608 0.99995007],2.0,0.9998701652465518,1.0,[0.94242777 1.        ],1.0,2.0
34854,0.9989280895769287,1.0,[0.83440945 0.99999725],2.0,0.9998906362575117,1.0,[0.94151234 1.        ],1.0,2.0
34872,0.9990107572198401,1.0,[0.94652531 0.99999305],1.0,0.9998812827969745,1.0,[0.98549788 1.        ],1.0,1.0
34927,0.9472641558921737,1.0,[0.95982115 0.99999695],1.0,0.9887628511520026,1.0,[0.98565867 1.        ],1.0,1.0
34968,0.9875900605396004,1.0,[0.72728625 0.99993258],2.0,0.9977172457149299,1.0,[0.87960875 1.        ],1.0,2.0
35266,0.853630572530933,1.0,[0.80142022 0.99998913],2.0,0.9638396617684987,1.0,[0.92442627 1.        ],1.0,2.0
35280,0.9768697235213396,1.0,[0.93044664 0.99999084],1.0,0.995324058508261,1.0,[0.97308928 1.        ],1.0,1.0
35297,0.6595133997627091,2.0,[3.37245222e-04 9.24315748e-01],3.0,0.8678689256997901,1.0,[1.70974346e-13 9.99894069e-01],3.0,3.0
35369,0.9720809349869488,1.0,[0.83672996 0.99998293],2.0,0.9943817193668315,1.0,[0.94307335 1.        ],1.0,2.0
35600,0.9255055023135641,1.0,[0.58189663 0.99984691],3.0,0.9830144451781414,1.0,[0.81835031 1.        ],2.0,2.0
35619,0.9352542731087379,1.0,[0.72879023 0.99996333],2.0,0.9850714976158221,1.0,[0.89927154 1.        ],1.0,2.0
35665,0.8967153490998782,1.0,[0.69746102 0.9999041 ],2.0,0.977763197789894,1.0,[0.8831315 1.       ],1.0,2.0
35908,0.8242897829284669,2.0,[0.94661434 0.99999731],1.0,0.9492812943038502,1.0,[0.98298832 1.        ],1.0,1.0
36236,0.9989598837407482,1.0,[0.90793042 0.99999488],1.0,0.9998838412122789,1.0,[0.96857589 1.        ],1.0,1.0
36351,0.9009298322159182,1.0,[0.90584181 0.99996726],1.0,0.9777990889683759,1.0,[0.96725589 1.        ],1.0,1.0
36828,0.980994324760068,1.0,[0.8231555  0.99998126],2.0,0.9958962108287508,1.0,[0.92451637 1.        ],1.0,2.0
37100,0.9466750458824592,1.0,[0.99741748 0.99999903],1.0,0.9882277620972277,1.0,[0.99947865 1.        ],1.0,1.0
37271,0.9840979439018845,1.0,[0.91200424 0.99994737],1.0,0.9971130617562539,1.0,[0.96643142 1.        ],1.0,1.0
37468,0.9307513399537198,1.0,[0.98170966 0.99999973],1.0,0.9863541710985901,1.0,[0.99300788 1.        ],1.0,1.0
37474,0.9846365283211576,1.0,[0.7456724  0.99993785],2.0,0.9970683297869892,1.0,[0.84399347 1.        ],2.0,2.0
37497,0.9747415965442752,1.0,[0.92237461 0.99999336],1.0,0.9949729049510506,1.0,[0.97582283 1.        ],1.0,1.0
37721,0.8984086688338566,1.0,[0.91825454 0.99999843],1.0,0.9743275243962602,1.0,[0.97276509 1.        ],1.0,1.0
37989,0.8522296124032952,1.0,[0.88457844 0.99998057],1.0,0.8445765788005729,2.0,[0.95918047 1.        ],1.0,2.0
38001,0.9640358056865878,1.0,[0.87752694 0.99999406],1.0,0.9928287355343617,1.0,[0.96175122 1.        ],1.0,1.0
38091,0.9983064737152627,1.0,[0.77716833 0.99998265],2.0,0.9996910807915149,1.0,[0.91718571 1.        ],1.0,2.0
38726,0.9591370117933242,1.0,[0.95645277 0.99999813],1.0,0.990990347024257,1.0,[0.98611856 1.        ],1.0,1.0
38880,0.871463706909132,1.0,[0.89450624 0.999954  ],1.0,0.9675050329619653,1.0,[0.96819853 1.        ],1.0,1.0
38883,0.853647189557194,1.0,[0.44467797 0.83944485],3.0,0.9637668483740167,1.0,[0.44978977 0.87958359],3.0,2.0
38930,0.87207686247051,1.0,[0.86295173 0.99995541],1.0,0.9680982294833973,1.0,[0.95241043 1.        ],1.0,1.0
39120,0.9684107869387871,1.0,[0.92571727 0.99998719],1.0,0.993634380655935,1.0,[0.97639683 1.        ],1.0,1.0
39122,0.9577196517788461,1.0,[0.84939732 0.999938  ],2.0,0.9919463848460843,1.0,[0.94020981 1.        ],1.0,2.0
39180,0.6622110327215526,2.0,[0.54868787 0.99980976],3.0,0.8569268222108722,1.0,[0.77544518 1.        ],2.0,3.0
39326,0.9358467424429798,1.0,[0.87696254 0.99997461],1.0,0.9851157295615383,1.0,[0.96176783 1.        ],1.0,1.0
39351,0.935721724960926,1.0,[0.82788839 0.99993105],2.0,0.9866371000126578,1.0,[0.94000256 1.        ],1.0,2.0
39392,0.9789487585805012,1.0,[0.4806348  0.99939913],3.0,0.9959989779307585,1.0,[0.70170174 1.        ],2.0,2.0
39533,0.9859935927393574,1.0,[0.98511399 0.9999962 ],1.0,0.9974170794906182,1.0,[0.99482584 1.        ],1.0,1.0
39540,0.9944945243490572,1.0,[0.75721948 0.99989041],2.0,0.9988777555847502,1.0,[0.88797429 1.        ],1.0,2.0
39591,0.8506622310688667,1.0,[0.87804728 0.99991282],1.0,0.9576652993743239,1.0,[0.96143004 1.        ],1.0,1.0
39737,0.9816500015588997,1.0,[0.48048665 0.99930359],3.0,0.9960159985293848,1.0,[0.73205972 1.        ],2.0,2.0
39821,0.9872432922133241,1.0,[0.78805393 0.99996997],2.0,0.9975225366950758,1.0,[0.91737445 1.        ],1.0,2.0
39912,0.9075273374359658,1.0,[0.91783501 0.99994969],1.0,0.9796574957278051,1.0,[0.96850461 1.        ],1.0,1.0
40028,0.6619665553064095,2.0,[0.73495963 0.99995642],2.0,0.866766221982863,1.0,[0.8876531 1.       ],1.0,2.0
40387,0.9986132481232776,1.0,[0.85054116 0.9999833 ],1.0,0.9997844571753111,1.0,[0.94301911 1.        ],1.0,1.0
40630,0.744482568960734,2.0,[0.90432645 0.99999753],1.0,0.9198399866188555,1.0,[0.96608491 1.        ],1.0,1.0
40805,0.9790984763462802,1.0,[0.7510306  0.99996104],2.0,0.9956183664170332,1.0,[0.89226163 1.        ],1.0,2.0
41018,0.9820935332586903,1.0,[0.03594416 0.63220909],3.0,0.9966941977981435,1.0,[0.00070165 0.57597088],3.0,2.0
41095,0.9798002031368532,1.0,[0.92879365 0.99996803],1.0,0.9961856523964666,1.0,[0.97571261 1.        ],1.0,1.0
41157,0.9718712447950567,1.0,[0.74275377 0.99996979],2.0,0.9937911084614064,1.0,[0.91211493 1.        ],1.0,2.0
41327,0.9265533262484837,1.0,[0.97115769 0.99999429],1.0,0.9836779644076881,1.0,[0.99016995 1.        ],1.0,1.0
41695,0.9393632208677047,1.0,[0.80537747 0.99999049],2.0,0.9854769691583686,1.0,[0.91745036 1.        ],1.0,2.0
41722,0.9153122888402734,1.0,[0.92485481 0.99999548],1.0,0.98053443528795,1.0,[0.97127819 1.        ],1.0,1.0
41811,0.9365581470018725,1.0,[0.87170944 0.99996308],1.0,0.9864490259678397,1.0,[0.95706895 1.        ],1.0,1.0
42275,0.9076883861499132,1.0,[0.80254373 0.99999455],2.0,0.9772980593268592,1.0,[0.91629884 1.        ],1.0,2.0
42473,0.9982314136153523,1.0,[0.94955627 0.99999936],1.0,0.9996908214730322,1.0,[0.97987583 1.        ],1.0,1.0
42541,0.9491912415859861,1.0,[0.95194024 0.99996335],1.0,0.9897536207765643,1.0,[0.98463303 1.        ],1.0,1.0
42708,0.9724283670721652,1.0,[0.81491737 0.99997874],2.0,0.9938169843637216,1.0,[0.93740584 1.        ],1.0,2.0
42861,0.9223643958402512,1.0,[0.88408444 0.99995414],1.0,0.9850659898153568,1.0,[0.95965381 1.        ],1.0,1.0
43376,0.9293381794934321,1.0,[0.62285385 0.99998621],2.0,0.938967135899277,1.0,[0.8299523 1.       ],2.0,2.0
43531,0.9744830848411435,1.0,[0.66913117 0.99978042],2.0,0.9951128480442334,1.0,[0.87122965 1.        ],1.0,2.0
43578,0.9059393794526748,1.0,[0.81817237 0.99999181],2.0,0.9802957515392318,1.0,[0.92167515 1.        ],1.0,2.0
43607,0.9482988195239014,1.0,[0.92240904 0.9999788 ],1.0,0.9890468242502638,1.0,[0.97498129 1.        ],1.0,1.0
44869,0.9126861087085008,1.0,[0.99707057 0.99999997],1.0,0.9801547832063779,1.0,[0.99937966 1.        ],1.0,1.0
44977,0.952590090498268,1.0,[0.8609925  0.99994117],1.0,0.9906737163355165,1.0,[0.95099951 1.        ],1.0,1.0
45177,0.8937251866105382,1.0,[0.90354606 0.99995519],1.0,0.9774064587946278,1.0,[0.96693395 1.        ],1.0,1.0
45352,0.9921587329816021,1.0,[0.82909945 0.99998125],2.0,0.9984544950623956,1.0,[0.92931959 1.        ],1.0,2.0
46450,0.9760307287408629,1.0,[0.89176264 0.99996759],1.0,0.9952159643598487,1.0,[0.96045138 1.        ],1.0,1.0
46887,0.9295566449940219,1.0,[0.24290059 0.9994718 ],3.0,0.9874400870263397,1.0,[0.28920532 1.        ],3.0,2.0
47147,0.8707212885574431,1.0,[0.97061828 0.9999951 ],1.0,0.9664860235849678,1.0,[0.99059591 1.        ],1.0,1.0
47251,0.9326464685081681,1.0,[0.75271524 0.9999829 ],2.0,0.9859859476801244,1.0,[0.9052152 1.       ],1.0,2.0
47441,0.8987820433641707,1.0,[0.70992919 0.99980916],2.0,0.9773979853630944,1.0,[0.89635613 1.        ],1.0,2.0
47692,0.9716124851853706,1.0,[0.96863606 0.99998727],1.0,0.9936225888624065,1.0,[0.98903401 1.        ],1.0,1.0
47950,0.7956695431886237,2.0,[0.9468586  0.99998064],1.0,0.9406906992208962,1.0,[0.98258281 1.        ],1.0,1.0
48276,0.9854478391461219,1.0,[0.94727408 0.99998212],1.0,0.9969282608456884,1.0,[0.9814374 1.       ],1.0,1.0
48362,0.9925061252113933,1.0,[0.85648725 0.99999933],1.0,0.9985430676760944,1.0,[0.94979573 1.        ],1.0,1.0
48571,0.9991070076853391,1.0,[0.65888648 0.99990835],2.0,0.9999338801391809,1.0,[0.8469401 1.       ],2.0,2.0
48821,0.7445664270903574,2.0,[0.88864158 0.99999284],1.0,0.9117163848792232,1.0,[0.96328542 1.        ],1.0,1.0
48858,0.5404270705386334,3.0,[0.78935154 0.9999867 ],2.0,0.5403547221093259,3.0,[0.91497156 1.        ],1.0,3.0
48919,0.8738100056780338,1.0,[0.89564091 0.99999957],1.0,0.9689319647111198,1.0,[0.96313637 1.        ],1.0,1.0
49037,0.8736094190401591,1.0,[0.92577905 0.99996916],1.0,0.9692230891607349,1.0,[0.97320302 1.        ],1.0,1.0
49102,0.9990426306327488,1.0,[0.89018983 0.99998232],1.0,0.9999056484175322,1.0,[0.96605323 1.        ],1.0,1.0
49134,0.924086328851277,1.0,[0.86886572 0.99998015],1.0,0.9814338056497559,1.0,[0.95315313 1.        ],1.0,1.0
49289,0.96793108271694,1.0,[0.70993435 0.9999556 ],2.0,0.9932636050943968,1.0,[0.87656328 1.        ],1.0,2.0
49420,0.9513615385262316,1.0,[0.92440609 0.99999917],1.0,0.99049001607096,1.0,[0.97228799 1.        ],1.0,1.0
49432,0.9757813177996344,1.0,[0.75323704 0.9998918 ],2.0,0.9950795518742974,1.0,[0.89294133 1.        ],1.0,2.0
49434,0.9572074542874979,1.0,[0.80991692 0.99997341],2.0,0.9915660109515493,1.0,[0.92874282 1.        ],1.0,2.0
49475,0.9600882849017344,1.0,[0.85883884 0.9999961 ],1.0,0.9918841220452584,1.0,[0.95049947 1.        ],1.0,1.0
49515,0.9422508303151189,1.0,[0.74786746 0.99996917],2.0,0.9875271471722024,1.0,[0.90204681 1.        ],1.0,2.0
49605,0.9359676958437039,1.0,[0.91737603 0.9999921 ],1.0,0.9874103536689585,1.0,[0.97169788 1.        ],1.0,1.0
49673,0.9587086665968122,1.0,[0.84897746 0.99999798],2.0,0.9908193677712129,1.0,[0.95175774 1.        ],1.0,2.0
49697,0.9462716337448683,1.0,[0.96190386 0.99999703],1.0,0.9871635714385729,1.0,[0.98477584 1.        ],1.0,1.0
49752,0.8693955809738753,1.0,[0.9208729  0.99999839],1.0,0.9679437537211085,1.0,[0.97204729 1.        ],1.0,1.0
49788,0.9493198222811305,1.0,[0.91939548 0.99993096],1.0,0.9897496756288683,1.0,[0.97093747 1.        ],1.0,1.0
49974,0.8848389822955647,1.0,[0.86504757 0.999996  ],1.0,0.973667145935065,1.0,[0.95053153 1.        ],1.0,1.0
50131,0.9547216293775642,1.0,[0.49655148 0.99969397],3.0,0.9898010934921253,1.0,[0.69212151 1.        ],2.0,2.0
50300,0.9320579762607214,1.0,[0.82295022 0.99991594],2.0,0.9855547578091396,1.0,[0.93955327 1.        ],1.0,2.0
50304,0.9601247281438937,1.0,[0.94125222 0.99999996],1.0,0.9920118722920918,1.0,[0.98317317 1.        ],1.0,1.0
50628,0.9688373826454953,1.0,[0.87583752 0.99992187],1.0,0.9928409736259958,1.0,[0.95180531 1.        ],1.0,1.0
50629,0.8698319616508605,1.0,[0.97857384 0.99999562],1.0,0.9694216840090748,1.0,[0.99316404 1.        ],1.0,1.0
50673,0.6599216926636227,2.0,[0.94107931 0.99999307],1.0,0.8577052168202396,1.0,[0.97990257 1.        ],1.0,1.0
50763,0.9769859802559552,1.0,[0.50515395 0.99984649],3.0,0.9949692282861825,1.0,[0.73291759 1.        ],2.0,2.0
50877,0.8703572287238089,1.0,[0.86862084 0.99995783],1.0,0.9697927292348827,1.0,[0.95259441 1.        ],1.0,1.0
51088,0.40537428510980694,3.0,[0.72923273 0.99993546],2.0,0.2632349124541358,4.0,[0.8751803 1.       ],1.0,4.0
51185,0.9697189980249593,1.0,[0.96041644 0.99999452],1.0,0.994501577780564,1.0,[0.98562237 1.        ],1.0,1.0
51405,0.9569120245190892,1.0,[0.76339468 0.99994301],2.0,0.9909914673282604,1.0,[0.89738391 1.        ],1.0,2.0
51786,0.9915210061239494,1.0,[0.88558706 0.99999875],1.0,0.9984491613970563,1.0,[0.95598201 1.        ],1.0,1.0
51907,0.9500507770034321,1.0,[0.81733723 0.99994796],2.0,0.9888146792396886,1.0,[0.92367066 1.        ],1.0,2.0
52091,0.6690085644062109,2.0,[0.90546417 0.99999323],1.0,0.8511740390481245,1.0,[0.96120975 1.        ],1.0,1.0
52320,0.9589583664683392,1.0,[0.78858027 0.91323325],2.0,0.991050106895866,1.0,[0.78287874 0.90926693],2.0,2.0
52720,0.9548267760579446,1.0,[0.88331163 0.99996725],1.0,0.989989920132944,1.0,[0.9617242 1.       ],1.0,1.0
52863,0.9832506028284549,1.0,[0.8852448 0.9999621],1.0,0.9964995075472247,1.0,[0.96311852 1.        ],1.0,1.0
52871,0.9451886642131333,1.0,[0.84993997 0.99997019],2.0,0.9863372977174376,1.0,[0.94252397 1.        ],1.0,2.0
52873,0.9197392810665342,1.0,[0.92732486 0.99997908],1.0,0.9833892895091273,1.0,[0.97413569 1.        ],1.0,1.0
53067,0.9673414341005907,1.0,[0.2508248  0.99919539],3.0,0.9936111428404257,1.0,[0.34528561 1.        ],3.0,2.0
53070,0.9845475823107065,1.0,[0.8589009  0.99999444],1.0,0.9968318926138007,1.0,[0.95029432 1.        ],1.0,1.0
53340,0.9501419417169936,1.0,[0.48143917 0.99976327],3.0,0.9888485213357552,1.0,[0.73622584 1.        ],2.0,2.0
53356,0.9990213584169447,1.0,[0.86412113 0.99996545],1.0,0.9998857221606535,1.0,[0.94955793 1.        ],1.0,1.0
53767,0.9959818630687969,1.0,[0.90442183 0.99999271],1.0,0.9991503939307756,1.0,[0.96750948 1.        ],1.0,1.0
53828,0.9556285119879673,1.0,[0.30939857 0.75174421],3.0,0.9896441577316902,1.0,[0.30032835 0.75534724],3.0,2.0
54574,0.6626620477392146,2.0,[0.93287076 0.99999719],1.0,0.8606268461231509,1.0,[0.97838952 1.        ],1.0,1.0
54728,0.9005751084502093,1.0,[0.91298831 0.99997285],1.0,0.9776001789623573,1.0,[0.97348905 1.        ],1.0,1.0
55222,0.9419145926997845,1.0,[0.88412707 0.99997316],1.0,0.9883502376588337,1.0,[0.95699139 1.        ],1.0,1.0
55329,0.9693976318214313,1.0,[0.39435743 0.99955373],3.0,0.9937977298553952,1.0,[0.60340363 1.        ],2.0,2.0
55720,0.8712470919305823,1.0,[0.92994646 0.99999387],1.0,0.9686424648796449,1.0,[0.97159021 1.        ],1.0,1.0
56300,0.956882643790963,1.0,[0.7334319 0.9997349],2.0,0.9904608881202112,1.0,[0.89409228 1.        ],1.0,2.0
56430,0.9475995031300999,1.0,[0.91207709 0.99999895],1.0,0.9888837683611463,1.0,[0.97235623 1.        ],1.0,1.0
56655,0.9551724535180822,1.0,[0.81450389 0.99998042],2.0,0.989921012590434,1.0,[0.92860105 1.        ],1.0,2.0
56665,0.9922963691234187,1.0,[0.91631935 0.99996709],1.0,0.9984677015231341,1.0,[0.97614862 1.        ],1.0,1.0
56911,0.9682053840006895,1.0,[0.96855872 0.99999229],1.0,0.9935558358190881,1.0,[0.98995943 1.        ],1.0,1.0
57111,0.9773403179118263,1.0,[0.87759041 0.99999142],1.0,0.9955233930252106,1.0,[0.96023985 1.        ],1.0,1.0
57118,0.9739913326332592,1.0,[0.94421664 0.99998739],1.0,0.995072387886903,1.0,[0.98157449 1.        ],1.0,1.0
57199,0.9744547115477324,1.0,[0.87330875 0.999966  ],1.0,0.99510026180791,1.0,[0.95337783 1.        ],1.0,1.0
57264,0.998768821281347,1.0,[0.8378276  0.99999986],2.0,0.9998196478582233,1.0,[0.94185802 1.        ],1.0,2.0
57381,0.7657033274729231,2.0,[0.86159697 0.99998656],1.0,0.7845602588836792,2.0,[0.95439617 1.        ],1.0,2.0
57463,0.7984740151930996,2.0,[0.50937903 0.99988086],3.0,0.9393311425415464,1.0,[0.72417542 1.        ],2.0,2.0
57695,0.7499895636954969,2.0,[0.97986918 0.99999828],1.0,0.9169272394170938,1.0,[0.99256193 1.        ],1.0,1.0
57724,0.9691008607720962,1.0,[0.75033436 0.99999889],2.0,0.9934359354599792,1.0,[0.90642885 1.        ],1.0,2.0
57866,0.9811721845260094,1.0,[0.96062373 0.99999452],1.0,0.9959910592758696,1.0,[0.98549834 1.        ],1.0,1.0
58057,0.9399722549980686,1.0,[0.98700412 0.99999642],1.0,0.9877405824713655,1.0,[0.99582827 1.        ],1.0,1.0
58299,0.9536108776072685,1.0,[0.96673155 0.99998907],1.0,0.9895266602793594,1.0,[0.99093189 1.        ],1.0,1.0
58308,0.9569965798646722,1.0,[0.95464235 0.99998652],1.0,0.9913318702075283,1.0,[0.98326695 1.        ],1.0,1.0
58313,0.9796583589832673,1.0,[0.89347128 0.99995539],1.0,0.9957716400760888,1.0,[0.95969234 1.        ],1.0,1.0
58360,0.990544051740954,1.0,[0.9970881  0.99999984],1.0,0.9977174753242789,1.0,[0.99928745 1.        ],1.0,1.0
58361,0.6623946617456562,2.0,[0.99700868 1.        ],1.0,0.8503875317015875,1.0,[0.99936049 1.        ],1.0,1.0
58362,0.9567654877083484,1.0,[0.99704817 0.99999905],1.0,0.9908358184774289,1.0,[0.99920928 1.        ],1.0,1.0
58363,0.73765998772208,2.0,[0.99726497 1.        ],1.0,0.9150888266743005,1.0,[0.9993339 1.       ],1.0,1.0
58364,0.9587373460140121,1.0,[0.99713192 0.99999988],1.0,0.9920328445799136,1.0,[0.99953634 1.        ],1.0,1.0
58365,0.9659111139426779,1.0,[0.99736587 0.99999993],1.0,0.9927655356731625,1.0,[0.99946754 1.        ],1.0,1.0
58453,0.9502078356483995,1.0,[0.81731213 0.99999559],2.0,0.9890667899975009,1.0,[0.93837055 1.        ],1.0,2.0
58511,0.9706889854015891,1.0,[0.98444011 0.99999986],1.0,0.9937333502167317,1.0,[0.99535336 1.        ],1.0,1.0
58879,0.961037486818933,1.0,[0.88515583 0.99998053],1.0,0.9907012043123686,1.0,[0.96253441 1.        ],1.0,1.0
59414,0.9633614775036039,1.0,[0.92045344 0.99997778],1.0,0.9930317635896222,1.0,[0.9764743 1.       ],1.0,1.0
59469,0.9913911620681842,1.0,[0.9021933  0.99999941],1.0,0.9981856394609956,1.0,[0.96681062 1.        ],1.0,1.0
59605,0.9698060617206893,1.0,[0.91328264 0.99999311],1.0,0.9935864559571603,1.0,[0.96622193 1.        ],1.0,1.0
59689,0.9828826780364607,1.0,[0.94414826 0.99997293],1.0,0.9966703888905195,1.0,[0.97925271 1.        ],1.0,1.0
59715,0.9683019177378783,1.0,[0.80128343 0.99996771],2.0,0.9932396409928307,1.0,[0.93963054 1.        ],1.0,2.0
59891,0.9725039869817584,1.0,[0.2659921  0.99946159],3.0,0.9939651878043975,1.0,[0.34623949 1.        ],3.0,2.0
59919,0.9075540096619473,1.0,[0.90323295 0.99995243],1.0,0.9781723186543645,1.0,[0.96457642 1.        ],1.0,1.0
60371,0.9520513414439719,1.0,[0.90366286 0.99995631],1.0,0.9899122063881005,1.0,[0.96832441 1.        ],1.0,1.0
60474,0.6592751965452328,2.0,[0.74042034 0.99995761],2.0,0.8624724847830464,1.0,[0.90150898 1.        ],1.0,2.0
60501,0.9157382004122808,1.0,[0.955644   0.99999177],1.0,0.9797393580041109,1.0,[0.98576398 1.        ],1.0,1.0
60772,0.7992361188167126,2.0,[0.86352629 0.99994843],1.0,0.9443177664043322,1.0,[0.94952762 1.        ],1.0,1.0
60945,0.9889623717961279,1.0,[0.91836701 0.9999536 ],1.0,0.9978336694239002,1.0,[0.97014082 1.        ],1.0,1.0
60983,0.8960976198599977,1.0,[0.91060511 0.99995848],1.0,0.9772783295775168,1.0,[0.96771364 1.        ],1.0,1.0
61568,0.9565851223764632,1.0,[0.17348639 0.67505383],3.0,0.990360134025222,1.0,[0.17187093 0.6991866 ],3.0,2.0
61595,0.9427805186757935,1.0,[0.24528378 0.99963587],3.0,0.987065662859755,1.0,[0.30524744 1.        ],3.0,2.0
61832,0.9404697141031163,1.0,[0.90779595 0.99995925],1.0,0.9865657755783718,1.0,[0.9678287 1.       ],1.0,1.0
61955,0.9625658407311053,1.0,[0.77103725 0.9999335 ],2.0,0.9916113029805197,1.0,[0.89548598 1.        ],1.0,2.0
62167,0.7452254608648983,2.0,[0.91748067 0.99997039],1.0,0.9187123010036774,1.0,[0.97154659 1.        ],1.0,1.0
62240,0.9697559371774475,1.0,[0.98229398 0.99999712],1.0,0.9929602790225597,1.0,[0.99358323 1.        ],1.0,1.0
62805,0.9596057360732366,1.0,[0.93515562 0.99999982],1.0,0.9919939625979346,1.0,[0.97715306 1.        ],1.0,1.0
63528,0.9441967567642305,1.0,[0.99678186 0.99999829],1.0,0.9875820357013458,1.0,[0.9992194 1.       ],1.0,1.0
63927,0.9731785076128808,1.0,[0.92184559 0.99996673],1.0,0.9943407637135088,1.0,[0.97330194 1.        ],1.0,1.0
63956,0.9429464134980253,1.0,[0.95218645 0.99996981],1.0,0.9864752485474851,1.0,[0.98145227 1.        ],1.0,1.0
64050,0.952806823235693,1.0,[0.72758506 0.99973371],2.0,0.9909433881427637,1.0,[0.87845742 1.        ],1.0,2.0
64098,0.9546275138534593,1.0,[0.24583134 0.99924584],3.0,0.9876446128367845,1.0,[0.35349086 1.        ],3.0,2.0
64271,0.8601092031416067,1.0,[0.98526413 0.99999663],1.0,0.9611569569094779,1.0,[0.99478443 1.        ],1.0,1.0
64475,0.8256370822195126,2.0,[0.91620137 0.999998  ],1.0,0.8310897078181504,2.0,[0.96920274 1.        ],1.0,2.0
64515,0.967023987185105,1.0,[0.93726758 0.9999962 ],1.0,0.992677454470713,1.0,[0.97865629 1.        ],1.0,1.0
65534,0.9900752761607914,1.0,[0.93119899 0.99999653],1.0,0.9978824990053352,1.0,[0.97705382 1.        ],1.0,1.0
131477,0.7415533615423243,2.0,[0.97187051 0.9999962 ],1.0,0.9175058799093269,1.0,[0.99155419 1.        ],1.0,1.0
132132,0.9751307685360792,1.0,[0.72732275 0.99990443],2.0,0.9949845503018403,1.0,[0.88752612 1.        ],1.0,2.0
132280,0.6603308740131856,2.0,[0.24467272 0.99844621],3.0,0.8620176024812557,1.0,[0.39391409 1.        ],3.0,3.0
132825,0.9609668381992951,1.0,[0.90388875 0.99995231],1.0,0.991304256338211,1.0,[0.96771889 1.        ],1.0,1.0
133950,0.9526890141441365,1.0,[0.84084929 0.99999758],2.0,0.9902924442816959,1.0,[0.93311154 1.        ],1.0,2.0
136620,0.8878254514197497,1.0,[0.240508   0.99998616],3.0,0.9733084509951074,1.0,[0.34164722 1.        ],3.0,2.0
136800,0.9647834165449172,1.0,[0.7210461  0.99995775],2.0,0.992337648249523,1.0,[0.89251842 1.        ],1.0,2.0
137831,0.9871048997970758,1.0,[0.8329728  0.99067283],2.0,0.9973052017131918,1.0,[0.85929377 0.99995117],1.0,2.0
138195,0.9535631801638952,1.0,[0.89927023 0.9999541 ],1.0,0.9897537789523612,1.0,[0.97132417 1.        ],1.0,1.0
138576,0.9495766930074427,1.0,[0.8892183  0.99997699],1.0,0.9883332979111235,1.0,[0.9629935 1.       ],1.0,1.0
139589,0.9487576580865976,1.0,[0.94025951 0.99996078],1.0,0.9899764296624016,1.0,[0.98060665 1.        ],1.0,1.0
196621,0.9329282325623447,1.0,[0.65743392 0.99984761],2.0,0.9854804834470169,1.0,[0.87354202 1.        ],1.0,2.0
197075,0.9655075817119695,1.0,[0.54791072 0.93901531],3.0,0.9927765000655435,1.0,[0.59357226 0.96789379],3.0,2.0
198068,0.9194699361030326,1.0,[0.9161586 0.9999919],1.0,0.9822031506794532,1.0,[0.97205831 1.        ],1.0,1.0
198290,0.9276067637782403,1.0,[0.87452563 0.99999906],1.0,0.983844573679092,1.0,[0.94617023 1.        ],1.0,1.0
198349,0.9340956781053272,1.0,[0.86220129 0.99999733],1.0,0.9860084063770526,1.0,[0.95598681 1.        ],1.0,1.0
198545,0.9746829359424783,1.0,[0.3645469  0.99911135],3.0,0.9951348625908861,1.0,[0.61313653 1.        ],2.0,2.0
198644,0.9941787075564755,1.0,[0.83807014 0.99996504],2.0,0.9987542776871359,1.0,[0.94861637 1.        ],1.0,2.0
199714,0.9699465365877118,1.0,[0.82599634 0.99995766],2.0,0.9941390546029083,1.0,[0.92805289 1.        ],1.0,2.0
199938,0.7392280555891589,2.0,[0.73068271 0.99998914],2.0,0.9166366442305082,1.0,[0.89191658 1.        ],1.0,2.0
200780,0.9912385050948063,1.0,[0.61989913 0.99985949],2.0,0.9982540878577776,1.0,[0.82156428 1.        ],2.0,2.0
201106,0.963264156583304,1.0,[0.91059801 0.99999362],1.0,0.9928400834090967,1.0,[0.97160115 1.        ],1.0,1.0
201333,0.7431946080486203,2.0,[0.87134855 0.9999882 ],1.0,0.90811324204939,1.0,[0.96025548 1.        ],1.0,1.0
201709,0.8737666696228653,1.0,[0.71186211 0.99994075],2.0,0.9670210407164925,1.0,[0.9019444 1.       ],1.0,2.0
202032,0.9620473181956091,1.0,[0.88134606 0.99982376],1.0,0.9921099489329958,1.0,[0.96333082 1.        ],1.0,1.0
202365,0.95776962540265,1.0,[0.9176982  0.99996096],1.0,0.9902516141994031,1.0,[0.96618535 1.        ],1.0,1.0
202409,0.6602206586942905,2.0,[0.38705211 0.99981497],3.0,0.857341265267885,1.0,[0.62331127 1.        ],2.0,3.0
202984,0.9800646720445538,1.0,[0.27264166 0.99968591],3.0,0.9961180772348887,1.0,[0.31708012 1.        ],3.0,2.0
203478,0.658183287824764,2.0,[0.89444115 0.99998575],1.0,0.8468532975977895,2.0,[0.96621862 1.        ],1.0,2.0
203500,0.737660233072901,2.0,[0.55516326 0.99997908],3.0,0.9139185260955942,1.0,[0.79558994 1.        ],2.0,2.0
204028,0.884504852525201,1.0,[0.81367331 0.99995979],2.0,0.971686140709969,1.0,[0.94113686 1.        ],1.0,2.0
204092,0.9696710478736007,1.0,[0.88158625 0.9999891 ],1.0,0.9937934263145143,1.0,[0.95745664 1.        ],1.0,1.0
204355,0.998902443437941,1.0,[0.76857414 0.99996316],2.0,0.9998663145141183,1.0,[0.90415839 1.        ],1.0,2.0
204625,0.9850247765712177,1.0,[0.40523069 0.99967108],3.0,0.9968829999009755,1.0,[0.55949933 1.        ],3.0,2.0
205112,0.8284065420281963,2.0,[0.81833654 0.99998191],2.0,0.9518444353311639,1.0,[0.92908854 1.        ],1.0,2.0
205148,0.6646742716684692,2.0,[0.9140845  0.99998516],1.0,0.857574129953824,1.0,[0.97185364 1.        ],1.0,1.0
205206,0.948368305889807,1.0,[0.88248926 0.99994902],1.0,0.9893381864254263,1.0,[0.95434857 1.        ],1.0,1.0
205344,0.74994036625591,2.0,[0.69559112 0.99997643],2.0,0.9115213929075053,1.0,[0.8578899 1.       ],1.0,2.0
205591,0.9551475622851476,1.0,[0.79758668 0.99997998],2.0,0.9909724634130676,1.0,[0.91916956 1.        ],1.0,2.0
205927,0.9319443184751842,1.0,[0.62583282 0.99993956],2.0,0.9851076397501402,1.0,[0.82963409 1.        ],2.0,2.0
206313,0.7424018070354854,2.0,[0.91378357 0.99997214],1.0,0.9187294908712395,1.0,[0.96841187 1.        ],1.0,1.0
206356,0.9057787525660508,1.0,[0.89915986 0.99999237],1.0,0.9778347419111921,1.0,[0.97022721 1.        ],1.0,1.0
206479,0.9586770364195413,1.0,[0.87081561 0.99997885],1.0,0.9906458402521032,1.0,[0.95800485 1.        ],1.0,1.0
206499,0.954094895743851,1.0,[0.9727374  0.99999609],1.0,0.9900193175298049,1.0,[0.99014273 1.        ],1.0,1.0
206610,0.6670918652474581,2.0,[0.6649213  0.99992718],2.0,0.8556042890964831,1.0,[0.83133407 1.        ],2.0,2.0
207036,0.9783486904055482,1.0,[0.9469008  0.99999774],1.0,0.9953764959009286,1.0,[0.98397907 1.        ],1.0,1.0
207044,0.94144143705795,1.0,[0.69602625 0.99897011],2.0,0.9856967647182198,1.0,[0.76529345 0.99982116],2.0,2.0
207564,0.9778229887809889,1.0,[0.86002893 0.9999825 ],1.0,0.9955532810416137,1.0,[0.94902622 1.        ],1.0,1.0
207968,0.9241777415030685,1.0,[0.89756206 0.99999831],1.0,0.9848176630244545,1.0,[0.96577367 1.        ],1.0,1.0
208210,0.8864346309512716,1.0,[0.91122027 0.99999728],1.0,0.9757498665180294,1.0,[0.96512546 1.        ],1.0,1.0
208709,0.9727190867444301,1.0,[0.91773905 0.99999485],1.0,0.9940218459182086,1.0,[0.97263671 1.        ],1.0,1.0
210025,0.8982192340529239,1.0,[0.65877594 0.99994673],2.0,0.977154713569375,1.0,[0.84906436 1.        ],2.0,2.0
262287,0.736470718727354,2.0,[0.97469422 0.99998706],1.0,0.9174683367104244,1.0,[0.99168775 1.        ],1.0,1.0
262403,0.8846549702825346,1.0,[0.63030564 0.99976775],2.0,0.9732771043256468,1.0,[0.6936381 1.       ],2.0,2.0
262612,0.9599453616617264,1.0,[0.26720686 0.99971109],3.0,0.9925240100885865,1.0,[0.33389077 1.        ],3.0,2.0
262757,0.9944642255076325,1.0,[0.60505274 0.99990302],2.0,0.9989702919485197,1.0,[0.69900456 1.        ],2.0,2.0
263009,0.9064793716612426,1.0,[0.909154   0.99999634],1.0,0.9799867277806704,1.0,[0.97050884 1.        ],1.0,1.0
263047,0.8262363849418326,2.0,[0.24318639 0.9998885 ],3.0,0.9558230775889913,1.0,[0.29096446 1.        ],3.0,2.0
263075,0.9415987472116776,1.0,[0.23786046 0.99975236],3.0,0.9878480074428275,1.0,[0.35616645 1.        ],3.0,2.0
263152,0.950922499700263,1.0,[0.87315056 0.99998348],1.0,0.9897583907584101,1.0,[0.95211711 1.        ],1.0,1.0
263444,0.7438482462383614,2.0,[0.37738414 0.999854  ],3.0,0.9149617636083553,1.0,[0.58205428 1.        ],3.0,2.0
263508,0.887313943401851,1.0,[0.23887731 0.99958182],3.0,0.9714332220390407,1.0,[0.31608909 1.        ],3.0,2.0
263516,0.9584713348105263,1.0,[0.88207797 0.99999538],1.0,0.9904304766784435,1.0,[0.95802573 1.        ],1.0,1.0
263651,0.9739147537857182,1.0,[0.3908146  0.99989926],3.0,0.9941396033347467,1.0,[0.61669768 1.        ],2.0,2.0
263674,0.9152248730657899,1.0,[0.38477304 0.99999529],3.0,0.9799195294337214,1.0,[0.60457884 1.        ],2.0,2.0
263945,0.9264976155962906,1.0,[0.3848366  0.99999868],3.0,0.9829066191765835,1.0,[0.57744456 1.        ],3.0,2.0
264279,0.978217812248433,1.0,[0.23307744 0.99994828],3.0,0.9952258451395152,1.0,[0.33350049 1.        ],3.0,2.0
264409,0.9663664692668078,1.0,[0.35911267 0.99965308],3.0,0.9929858827928867,1.0,[0.6697668 1.       ],2.0,2.0
264556,0.9617737733958097,1.0,[0.83099892 0.99996645],2.0,0.991882405943256,1.0,[0.94240108 1.        ],1.0,2.0
264911,0.9874188873635895,1.0,[0.25395734 0.99968391],3.0,0.9972860195623289,1.0,[0.34583631 1.        ],3.0,2.0
265187,0.9345604719730579,1.0,[0.38654238 0.99960227],3.0,0.9844584972877383,1.0,[0.59886149 1.        ],3.0,2.0
265721,0.9045726376529687,1.0,[0.8818386  0.99998359],1.0,0.9775477912831806,1.0,[0.95653796 1.        ],1.0,1.0
266437,0.934811945317207,1.0,[0.70634239 0.99992114],2.0,0.9856259416304272,1.0,[0.86822626 1.        ],1.0,2.0
267613,0.9615389773677416,1.0,[0.97586787 0.99998985],1.0,0.9927024365172281,1.0,[0.99262586 1.        ],1.0,1.0
268430,0.6417643814520352,2.0,[0.62052612 0.9999622 ],2.0,0.6471479613516576,2.0,[0.67312909 1.        ],2.0,2.0
268976,0.951590129150962,1.0,[0.85763757 0.99997034],1.0,0.9893452093287308,1.0,[0.94602688 1.        ],1.0,1.0
328112,0.940506947978554,1.0,[0.79179571 0.99995772],2.0,0.9877603265150305,1.0,[0.92391124 1.        ],1.0,2.0
328145,0.6518730133196097,2.0,[0.71923584 0.99993665],2.0,0.8602918612113611,1.0,[0.882361 1.      ],1.0,2.0
328474,0.9852760946772796,1.0,[0.7859453  0.99998637],2.0,0.9969096396524665,1.0,[0.92038031 1.        ],1.0,2.0
393950,0.9414135894130797,1.0,[0.8645799  0.99995828],1.0,0.9878173284980943,1.0,[0.9536116 1.       ],1.0,1.0
395152,0.795430500501421,2.0,[0.70124691 0.99999123],2.0,0.9476542936512474,1.0,[0.88506445 1.        ],1.0,2.0
395570,0.9787023850877654,1.0,[0.90181457 0.99999582],1.0,0.9956202485883038,1.0,[0.96696097 1.        ],1.0,1.0
396303,0.6565187668247305,2.0,[0.23830594 0.99881371],3.0,0.8634727453310935,1.0,[0.39040185 1.        ],3.0,3.0
397143,0.9763494723217723,1.0,[0.81223175 0.99998587],2.0,0.9953174430873639,1.0,[0.93133958 1.        ],1.0,2.0
